Component,Origin,License,Copyright
addr2line,https://github.com/gimli-rs/addr2line,Apache-2.0 OR MIT,The addr2line Authors
adler2,https://github.com/oyvindln/adler2,0BSD OR MIT OR Apache-2.0,"Jonas Schievink <jonasschievink@gmail.com>, oyvindln <oyvindln@users.noreply.github.com>"
aho-corasick,https://github.com/BurntSushi/aho-corasick,Unlicense OR MIT,Andrew Gallant <jamslam@gmail.com>
allocator-api2,https://github.com/zakarumych/allocator-api2,MIT OR Apache-2.0,Zakarum <zaq.dev@icloud.com>
anes,https://github.com/zrzka/anes-rs,MIT OR Apache-2.0,Robert Vojta <rvojta@me.com>
ansi_term,https://github.com/ogham/rust-ansi-term,MIT,"ogham@bsago.me, Ryan Scheel (Havvy) <ryan.havvy@gmail.com>, Josh Triplett <josh@joshtriplett.org>"
anstyle,https://github.com/rust-cli/anstyle,MIT OR Apache-2.0,The anstyle Authors
anyhow,https://github.com/dtolnay/anyhow,MIT OR Apache-2.0,David Tolnay <dtolnay@gmail.com>
arc-swap,https://github.com/vorner/arc-swap,MIT OR Apache-2.0,Michal 'vorner' Vaner <vorner@vorner.cz>
assert-json-diff,https://github.com/davidpdrsn/assert-json-diff,MIT,David Pedersen <david.pdrsn@gmail.com>
async-lock,https://github.com/smol-rs/async-lock,Apache-2.0 OR MIT,Stjepan Glavina <stjepang@gmail.com>
async-object-pool,https://github.com/alexliesenfeld/async-object-pool,MIT,Alexander Liesenfeld <alexander.liesenfeld@outlook.com>
async-trait,https://github.com/dtolnay/async-trait,MIT OR Apache-2.0,David Tolnay <dtolnay@gmail.com>
atomic-waker,https://github.com/smol-rs/atomic-waker,Apache-2.0 OR MIT,"Stjepan Glavina <stjepang@gmail.com>, Contributors to futures-rs"
backtrace,https://github.com/rust-lang/backtrace-rs,MIT OR Apache-2.0,The Rust Project Developers
base64,https://github.com/marshallpierce/rust-base64,MIT OR Apache-2.0,"Alice Maz <alice@alicemaz.com>, Marshall Pierce <marshall@mpierce.org>"
base64,https://github.com/marshallpierce/rust-base64,MIT OR Apache-2.0,Marshall Pierce <marshall@mpierce.org>
bitflags,https://github.com/bitflags/bitflags,MIT OR Apache-2.0,The Rust Project Developers
block-buffer,https://github.com/RustCrypto/utils,MIT OR Apache-2.0,RustCrypto Developers
bumpalo,https://github.com/fitzgen/bumpalo,MIT OR Apache-2.0,Nick Fitzgerald <fitzgen@gmail.com>
byteorder,https://github.com/BurntSushi/byteorder,Unlicense OR MIT,Andrew Gallant <jamslam@gmail.com>
bytes,https://github.com/tokio-rs/bytes,MIT,"Carl Lerche <me@carllerche.com>, Sean McArthur <sean@seanmonstar.com>"
cadence,https://github.com/56quarters/cadence,Apache-2.0 OR MIT,Nick Pillitteri
camino,https://github.com/camino-rs/camino,MIT OR Apache-2.0,"Without Boats <saoirse@without.boats>, Ashley Williams <ashley666ashley@gmail.com>, Steve Klabnik <steve@steveklabnik.com>, Rain <rain@sunshowers.io>"
cargo-platform,https://github.com/rust-lang/cargo,MIT OR Apache-2.0,The cargo-platform Authors
cargo_metadata,https://github.com/oli-obk/cargo_metadata,MIT,Oliver Schneider <git-spam-no-reply9815368754983@oli-obk.de>
cast,https://github.com/japaric/cast.rs,MIT OR Apache-2.0,Jorge Aparicio <jorge@japaric.io>
cc,https://github.com/rust-lang/cc-rs,MIT OR Apache-2.0,Alex Crichton <alex@alexcrichton.com>
cfg-if,https://github.com/rust-lang/cfg-if,MIT OR Apache-2.0,Alex Crichton <alex@alexcrichton.com>
chrono,https://github.com/chronotope/chrono,MIT OR Apache-2.0,The chrono Authors
ciborium,https://github.com/enarx/ciborium,Apache-2.0,Nathaniel McCallum <npmccallum@profian.com>
ciborium-io,https://github.com/enarx/ciborium,Apache-2.0,Nathaniel McCallum <npmccallum@profian.com>
ciborium-ll,https://github.com/enarx/ciborium,Apache-2.0,Nathaniel McCallum <npmccallum@profian.com>
clap,https://github.com/clap-rs/clap,MIT OR Apache-2.0,The clap Authors
clap_builder,https://github.com/clap-rs/clap,MIT OR Apache-2.0,The clap_builder Authors
clap_lex,https://github.com/clap-rs/clap,MIT OR Apache-2.0,The clap_lex Authors
concurrent-queue,https://github.com/smol-rs/concurrent-queue,Apache-2.0 OR MIT,"Stjepan Glavina <stjepang@gmail.com>, Taiki Endo <te316e89@gmail.com>, John Nunley <dev@notgull.net>"
const_format,https://github.com/rodrimati1992/const_format_crates,Zlib,rodrimati1992 <rodrimatt1985@gmail.com>
const_format_proc_macros,https://github.com/rodrimati1992/const_format_crates,Zlib,rodrimati1992 <rodrimatt1985@gmail.com>
core-foundation,https://github.com/servo/core-foundation-rs,MIT OR Apache-2.0,The Servo Project Developers
core-foundation-sys,https://github.com/servo/core-foundation-rs,MIT OR Apache-2.0,The Servo Project Developers
cpufeatures,https://github.com/RustCrypto/utils,MIT OR Apache-2.0,RustCrypto Developers
criterion,https://github.com/bheisler/criterion.rs,Apache-2.0 OR MIT,"Jorge Aparicio <japaricious@gmail.com>, Brook Heisler <brookheisler@gmail.com>"
criterion-plot,https://github.com/bheisler/criterion.rs,MIT OR Apache-2.0,"Jorge Aparicio <japaricious@gmail.com>, Brook Heisler <brookheisler@gmail.com>"
crossbeam-channel,https://github.com/crossbeam-rs/crossbeam,MIT OR Apache-2.0,The crossbeam-channel Authors
crossbeam-deque,https://github.com/crossbeam-rs/crossbeam,MIT OR Apache-2.0,The crossbeam-deque Authors
crossbeam-epoch,https://github.com/crossbeam-rs/crossbeam,MIT OR Apache-2.0,The crossbeam-epoch Authors
crossbeam-utils,https://github.com/crossbeam-rs/crossbeam,MIT OR Apache-2.0,The crossbeam-utils Authors
crunchy,https://github.com/eira-fransham/crunchy,MIT,Eira Fransham <jackefransham@gmail.com>
crypto-common,https://github.com/RustCrypto/traits,MIT OR Apache-2.0,RustCrypto Developers
data-pipeline,https://github.com/Datadog/libdatadog,Apache-2.0,The data-pipeline Authors
datadog-ddsketch,https://github.com/Datadog/libdatadog,Apache-2.0,The datadog-ddsketch Authors
datadog-trace-normalization,https://github.com/Datadog/libdatadog,Apache-2.0,David Lee <david.lee@datadoghq.com>
datadog-trace-protobuf,https://github.com/Datadog/libdatadog,Apache-2.0,David Lee <david.lee@datadoghq.com>
datadog-trace-stats,https://github.com/Datadog/libdatadog,Apache-2.0,The datadog-trace-stats Authors
datadog-trace-utils,https://github.com/Datadog/libdatadog,Apache-2.0,The datadog-trace-utils Authors
ddcommon,https://github.com/Datadog/libdatadog,Apache-2.0,The ddcommon Authors
ddtelemetry,https://github.com/Datadog/libdatadog,Apache-2.0,The ddtelemetry Authors
diff,https://github.com/utkarshkukreti/diff.rs,MIT OR Apache-2.0,Utkarsh Kukreti <utkarshkukreti@gmail.com>
digest,https://github.com/RustCrypto/traits,MIT OR Apache-2.0,RustCrypto Developers
displaydoc,https://github.com/yaahc/displaydoc,MIT OR Apache-2.0,Jane Lusby <jlusby@yaah.dev>
dogstatsd-client,https://github.com/Datadog/libdatadog,Apache-2.0,The dogstatsd-client Authors
either,https://github.com/rayon-rs/either,MIT OR Apache-2.0,bluss
equivalent,https://github.com/indexmap-rs/equivalent,Apache-2.0 OR MIT,The equivalent Authors
event-listener,https://github.com/smol-rs/event-listener,Apache-2.0 OR MIT,"Stjepan Glavina <stjepang@gmail.com>, John Nunley <dev@notgull.net>"
event-listener-strategy,https://github.com/smol-rs/event-listener-strategy,Apache-2.0 OR MIT,John Nunley <dev@notgull.net>
fnv,https://github.com/servo/rust-fnv,Apache-2.0  OR  MIT,Alex Crichton <alex@alexcrichton.com>
foldhash,https://github.com/orlp/foldhash,Zlib,Orson Peters <orsonpeters@gmail.com>
form_urlencoded,https://github.com/servo/rust-url,MIT OR Apache-2.0,The rust-url developers
futures,https://github.com/rust-lang/futures-rs,MIT OR Apache-2.0,The futures Authors
futures-channel,https://github.com/rust-lang/futures-rs,MIT OR Apache-2.0,The futures-channel Authors
futures-core,https://github.com/rust-lang/futures-rs,MIT OR Apache-2.0,The futures-core Authors
futures-executor,https://github.com/rust-lang/futures-rs,MIT OR Apache-2.0,The futures-executor Authors
futures-io,https://github.com/rust-lang/futures-rs,MIT OR Apache-2.0,The futures-io Authors
futures-macro,https://github.com/rust-lang/futures-rs,MIT OR Apache-2.0,The futures-macro Authors
futures-sink,https://github.com/rust-lang/futures-rs,MIT OR Apache-2.0,The futures-sink Authors
futures-task,https://github.com/rust-lang/futures-rs,MIT OR Apache-2.0,The futures-task Authors
futures-timer,https://github.com/async-rs/futures-timer,MIT OR Apache-2.0,Alex Crichton <alex@alexcrichton.com>
futures-util,https://github.com/rust-lang/futures-rs,MIT OR Apache-2.0,The futures-util Authors
generic-array,https://github.com/fizyk20/generic-array,MIT,"Bartłomiej Kamiński <fizyk20@gmail.com>, Aaron Trent <novacrazy@gmail.com>"
getrandom,https://github.com/rust-random/getrandom,MIT OR Apache-2.0,The Rand Project Developers
gimli,https://github.com/gimli-rs/gimli,MIT OR Apache-2.0,The gimli Authors
h2,https://github.com/hyperium/h2,MIT,"Carl Lerche <me@carllerche.com>, Sean McArthur <sean@seanmonstar.com>"
half,https://github.com/VoidStarKat/half-rs,MIT OR Apache-2.0,Kathryn Long <squeeself@gmail.com>
hashbrown,https://github.com/rust-lang/hashbrown,MIT OR Apache-2.0,Amanieu d'Antras <amanieu@gmail.com>
headers,https://github.com/hyperium/headers,MIT,Sean McArthur <sean@seanmonstar.com>
headers-core,https://github.com/hyperium/headers,MIT,Sean McArthur <sean@seanmonstar.com>
hermit-abi,https://github.com/hermit-os/hermit-rs,MIT OR Apache-2.0,Stefan Lankes
hex,https://github.com/KokaKiwi/rust-hex,MIT OR Apache-2.0,KokaKiwi <kokakiwi@kokakiwi.net>
http,https://github.com/hyperium/http,MIT OR Apache-2.0,"Alex Crichton <alex@alexcrichton.com>, Carl Lerche <me@carllerche.com>, Sean McArthur <sean@seanmonstar.com>"
http-body,https://github.com/hyperium/http-body,MIT,"Carl Lerche <me@carllerche.com>, Lucio Franco <luciofranco14@gmail.com>, Sean McArthur <sean@seanmonstar.com>"
http-body-util,https://github.com/hyperium/http-body,MIT,"Carl Lerche <me@carllerche.com>, Lucio Franco <luciofranco14@gmail.com>, Sean McArthur <sean@seanmonstar.com>"
httparse,https://github.com/seanmonstar/httparse,MIT OR Apache-2.0,Sean McArthur <sean@seanmonstar.com>
httpdate,https://github.com/pyfisch/httpdate,MIT OR Apache-2.0,Pyfisch <pyfisch@posteo.org>
httpmock,https://github.com/httpmock/httpmock,MIT,Alexander Liesenfeld <alexander.liesenfeld@outlook.com>
hyper,https://github.com/hyperium/hyper,MIT,Sean McArthur <sean@seanmonstar.com>
hyper-util,https://github.com/hyperium/hyper-util,MIT,Sean McArthur <sean@seanmonstar.com>
icu_collections,https://github.com/unicode-org/icu4x,Unicode-3.0,The ICU4X Project Developers
icu_locale_core,https://github.com/unicode-org/icu4x,Unicode-3.0,The ICU4X Project Developers
icu_normalizer,https://github.com/unicode-org/icu4x,Unicode-3.0,The ICU4X Project Developers
icu_normalizer_data,https://github.com/unicode-org/icu4x,Unicode-3.0,The ICU4X Project Developers
icu_properties,https://github.com/unicode-org/icu4x,Unicode-3.0,The ICU4X Project Developers
icu_properties_data,https://github.com/unicode-org/icu4x,Unicode-3.0,The ICU4X Project Developers
icu_provider,https://github.com/unicode-org/icu4x,Unicode-3.0,The ICU4X Project Developers
idna,https://github.com/servo/rust-url,MIT OR Apache-2.0,The rust-url developers
idna_adapter,https://github.com/hsivonen/idna_adapter,Apache-2.0 OR MIT,The rust-url developers
indexmap,https://github.com/indexmap-rs/indexmap,Apache-2.0 OR MIT,The indexmap Authors
io-uring,https://github.com/tokio-rs/io-uring,MIT OR Apache-2.0,quininer <quininer@live.com>
ipnet,https://github.com/krisprice/ipnet,MIT OR Apache-2.0,Kris Price <kris@krisprice.nz>
is-terminal,https://github.com/sunfishcode/is-terminal,MIT,"softprops <d.tangren@gmail.com>, Dan Gohman <dev@sunfishcode.online>"
itertools,https://github.com/rust-itertools/itertools,MIT OR Apache-2.0,bluss
itoa,https://github.com/dtolnay/itoa,MIT OR Apache-2.0,David Tolnay <dtolnay@gmail.com>
js-sys,https://github.com/rustwasm/wasm-bindgen/tree/master/crates/js-sys,MIT OR Apache-2.0,The wasm-bindgen Developers
lazy_static,https://github.com/rust-lang-nursery/lazy-static.rs,MIT OR Apache-2.0,Marvin Löbel <loebel.marvin@gmail.com>
libc,https://github.com/rust-lang/libc,MIT OR Apache-2.0,The Rust Project Developers
litemap,https://github.com/unicode-org/icu4x,Unicode-3.0,The ICU4X Project Developers
lock_api,https://github.com/Amanieu/parking_lot,MIT OR Apache-2.0,Amanieu d'Antras <amanieu@gmail.com>
log,https://github.com/rust-lang/log,MIT OR Apache-2.0,The Rust Project Developers
lru,https://github.com/jeromefroe/lru-rs,MIT,Jerome Froelich <jeromefroelic@hotmail.com>
matchers,https://github.com/hawkw/matchers,MIT,Eliza Weisman <eliza@buoyant.io>
memchr,https://github.com/BurntSushi/memchr,Unlicense OR MIT,"Andrew Gallant <jamslam@gmail.com>, bluss"
mime,https://github.com/hyperium/mime,MIT OR Apache-2.0,Sean McArthur <sean@seanmonstar.com>
miniz_oxide,https://github.com/Frommi/miniz_oxide/tree/master/miniz_oxide,MIT OR Zlib OR Apache-2.0,"Frommi <daniil.liferenko@gmail.com>, oyvindln <oyvindln@users.noreply.github.com>, Rich Geldreich richgel99@gmail.com"
mio,https://github.com/tokio-rs/mio,MIT,"Carl Lerche <me@carllerche.com>, Thomas de Zeeuw <thomasdezeeuw@gmail.com>, Tokio Contributors <team@tokio.rs>"
nix,https://github.com/nix-rust/nix,MIT,The nix-rust Project Developers
nu-ansi-term,https://github.com/nushell/nu-ansi-term,MIT,"ogham@bsago.me, Ryan Scheel (Havvy) <ryan.havvy@gmail.com>, Josh Triplett <josh@joshtriplett.org>, The Nushell Project Developers"
num-traits,https://github.com/rust-num/num-traits,MIT OR Apache-2.0,The Rust Project Developers
object,https://github.com/gimli-rs/object,Apache-2.0 OR MIT,The object Authors
once_cell,https://github.com/matklad/once_cell,MIT OR Apache-2.0,Aleksey Kladov <aleksey.kladov@gmail.com>
oorandom,https://hg.sr.ht/~icefox/oorandom,MIT,Simon Heath <icefox@dreamquest.io>
opentelemetry,https://github.com/open-telemetry/opentelemetry-rust/tree/main/opentelemetry,Apache-2.0,The opentelemetry Authors
opentelemetry-appender-tracing,https://github.com/open-telemetry/opentelemetry-rust/tree/main/opentelemetry-appender-tracing,Apache-2.0,The opentelemetry-appender-tracing Authors
opentelemetry-http,https://github.com/open-telemetry/opentelemetry-rust/tree/main/opentelemetry-http,Apache-2.0,The opentelemetry-http Authors
opentelemetry-semantic-conventions,https://github.com/open-telemetry/opentelemetry-rust/tree/main/opentelemetry-semantic-conventions,Apache-2.0,The opentelemetry-semantic-conventions Authors
opentelemetry-stdout,https://github.com/open-telemetry/opentelemetry-rust/tree/main/opentelemetry-stdout,Apache-2.0,The opentelemetry-stdout Authors
opentelemetry_sdk,https://github.com/open-telemetry/opentelemetry-rust/tree/main/opentelemetry-sdk,Apache-2.0,The opentelemetry_sdk Authors
overload,https://github.com/danaugrs/overload,MIT,Daniel Salvadori <danaugrs@gmail.com>
parking,https://github.com/smol-rs/parking,Apache-2.0 OR MIT,"Stjepan Glavina <stjepang@gmail.com>, The Rust Project Developers"
parking_lot,https://github.com/Amanieu/parking_lot,MIT OR Apache-2.0,Amanieu d'Antras <amanieu@gmail.com>
parking_lot_core,https://github.com/Amanieu/parking_lot,MIT OR Apache-2.0,Amanieu d'Antras <amanieu@gmail.com>
paste,https://github.com/dtolnay/paste,MIT OR Apache-2.0,David Tolnay <dtolnay@gmail.com>
path-tree,https://github.com/viz-rs/path-tree,MIT OR Apache-2.0,Fangdun Tsai <cfddream@gmail.com>
percent-encoding,https://github.com/servo/rust-url,MIT OR Apache-2.0,The rust-url developers
pin-project,https://github.com/taiki-e/pin-project,Apache-2.0 OR MIT,The pin-project Authors
pin-project-internal,https://github.com/taiki-e/pin-project,Apache-2.0 OR MIT,The pin-project-internal Authors
pin-project-lite,https://github.com/taiki-e/pin-project-lite,Apache-2.0 OR MIT,The pin-project-lite Authors
pin-utils,https://github.com/rust-lang-nursery/pin-utils,MIT OR Apache-2.0,Josef Brandl <mail@josefbrandl.de>
plotters,https://github.com/plotters-rs/plotters,MIT,Hao Hou <haohou302@gmail.com>
plotters-backend,https://github.com/plotters-rs/plotters,MIT,Hao Hou <haohou302@gmail.com>
plotters-svg,https://github.com/plotters-rs/plotters,MIT,Hao Hou <haohou302@gmail.com>
potential_utf,https://github.com/unicode-org/icu4x,Unicode-3.0,The ICU4X Project Developers
ppv-lite86,https://github.com/cryptocorrosion/cryptocorrosion,MIT OR Apache-2.0,The CryptoCorrosion Contributors
proc-macro2,https://github.com/dtolnay/proc-macro2,MIT OR Apache-2.0,"David Tolnay <dtolnay@gmail.com>, Alex Crichton <alex@alexcrichton.com>"
prost,https://github.com/tokio-rs/prost,Apache-2.0,"Dan Burkert <dan@danburkert.com>, Lucio Franco <luciofranco14@gmail.com>, Casper Meijn <casper@meijn.net>, Tokio Contributors <team@tokio.rs>"
prost-derive,https://github.com/tokio-rs/prost,Apache-2.0,"Dan Burkert <dan@danburkert.com>, Lucio Franco <luciofranco14@gmail.com>, Casper Meijn <casper@meijn.net>, Tokio Contributors <team@tokio.rs>"
quote,https://github.com/dtolnay/quote,MIT OR Apache-2.0,David Tolnay <dtolnay@gmail.com>
r-efi,https://github.com/r-efi/r-efi,MIT OR Apache-2.0 OR LGPL-2.1-or-later,The r-efi Authors
rand,https://github.com/rust-random/rand,MIT OR Apache-2.0,"The Rand Project Developers, The Rust Project Developers"
rand_chacha,https://github.com/rust-random/rand,MIT OR Apache-2.0,"The Rand Project Developers, The Rust Project Developers, The CryptoCorrosion Contributors"
rand_core,https://github.com/rust-random/rand,MIT OR Apache-2.0,"The Rand Project Developers, The Rust Project Developers"
rayon,https://github.com/rayon-rs/rayon,MIT OR Apache-2.0,The rayon Authors
rayon-core,https://github.com/rayon-rs/rayon,MIT OR Apache-2.0,The rayon-core Authors
redox_syscall,https://gitlab.redox-os.org/redox-os/syscall,MIT,Jeremy Soller <jackpot51@gmail.com>
regex,https://github.com/rust-lang/regex,MIT OR Apache-2.0,"The Rust Project Developers, Andrew Gallant <jamslam@gmail.com>"
regex-automata,https://github.com/BurntSushi/regex-automata,Unlicense OR MIT,Andrew Gallant <jamslam@gmail.com>
regex-automata,https://github.com/rust-lang/regex/tree/master/regex-automata,MIT OR Apache-2.0,"The Rust Project Developers, Andrew Gallant <jamslam@gmail.com>"
regex-syntax,https://github.com/rust-lang/regex,MIT OR Apache-2.0,The Rust Project Developers
regex-syntax,https://github.com/rust-lang/regex/tree/master/regex-syntax,MIT OR Apache-2.0,"The Rust Project Developers, Andrew Gallant <jamslam@gmail.com>"
rmp,https://github.com/3Hren/msgpack-rust,MIT,Evgeny Safronov <division494@gmail.com>
rmp-serde,https://github.com/3Hren/msgpack-rust,MIT,Evgeny Safronov <division494@gmail.com>
rmpv,https://github.com/3Hren/msgpack-rust,MIT,Evgeny Safronov <division494@gmail.com>
rustc-demangle,https://github.com/rust-lang/rustc-demangle,MIT OR Apache-2.0,Alex Crichton <alex@alexcrichton.com>
rustc_version,https://github.com/djc/rustc-version-rs,MIT OR Apache-2.0,The rustc_version Authors
rustc_version_runtime,https://github.com/seppo0010/rustc-version-runtime-rs,MIT,Sebastian Waisbrot <seppo0010@gmail.com>
rustversion,https://github.com/dtolnay/rustversion,MIT OR Apache-2.0,David Tolnay <dtolnay@gmail.com>
ryu,https://github.com/dtolnay/ryu,Apache-2.0 OR BSL-1.0,David Tolnay <dtolnay@gmail.com>
same-file,https://github.com/BurntSushi/same-file,Unlicense OR MIT,Andrew Gallant <jamslam@gmail.com>
scopeguard,https://github.com/bluss/scopeguard,MIT OR Apache-2.0,bluss
semver,https://github.com/dtolnay/semver,MIT OR Apache-2.0,David Tolnay <dtolnay@gmail.com>
serde,https://github.com/serde-rs/serde,MIT OR Apache-2.0,"Erick Tryzelaar <erick.tryzelaar@gmail.com>, David Tolnay <dtolnay@gmail.com>"
serde_bytes,https://github.com/serde-rs/bytes,MIT OR Apache-2.0,David Tolnay <dtolnay@gmail.com>
serde_derive,https://github.com/serde-rs/serde,MIT OR Apache-2.0,"Erick Tryzelaar <erick.tryzelaar@gmail.com>, David Tolnay <dtolnay@gmail.com>"
serde_json,https://github.com/serde-rs/json,MIT OR Apache-2.0,"Erick Tryzelaar <erick.tryzelaar@gmail.com>, David Tolnay <dtolnay@gmail.com>"
serde_regex,https://github.com/tailhook/serde-regex,MIT OR Apache-2.0,paul@colomiets.name
sha1,https://github.com/RustCrypto/hashes,MIT OR Apache-2.0,RustCrypto Developers
sha2,https://github.com/RustCrypto/hashes,MIT OR Apache-2.0,RustCrypto Developers
sharded-slab,https://github.com/hawkw/sharded-slab,MIT,Eliza Weisman <eliza@buoyant.io>
shlex,https://github.com/comex/rust-shlex,MIT OR Apache-2.0,"comex <comexk@gmail.com>, Fenhl <fenhl@fenhl.net>, Adrian Taylor <adetaylor@chromium.org>, Alex Touchet <alextouchet@outlook.com>, Daniel Parks <dp+git@oxidized.org>, Garrett Berg <googberg@gmail.com>"
signal-hook-registry,https://github.com/vorner/signal-hook,Apache-2.0 OR MIT,"Michal 'vorner' Vaner <vorner@vorner.cz>, Masaki Hara <ackie.h.gmai@gmail.com>"
similar,https://github.com/mitsuhiko/similar,Apache-2.0,"Armin Ronacher <armin.ronacher@active-4.com>, Pierre-Étienne Meunier <pe@pijul.org>, Brandon Williams <bwilliams.eng@gmail.com>"
slab,https://github.com/tokio-rs/slab,MIT,Carl Lerche <me@carllerche.com>
smallvec,https://github.com/servo/rust-smallvec,MIT OR Apache-2.0,The Servo Project Developers
socket2,https://github.com/rust-lang/socket2,MIT OR Apache-2.0,"Alex Crichton <alex@alexcrichton.com>, Thomas de Zeeuw <thomasdezeeuw@gmail.com>"
stable_deref_trait,https://github.com/storyyeller/stable_deref_trait,MIT OR Apache-2.0,Robert Grosse <n210241048576@gmail.com>
static_assertions,https://github.com/nvzqz/static-assertions-rs,MIT OR Apache-2.0,Nikolai Vazquez
stringmetrics,https://github.com/pluots/stringmetrics,Apache-2.0,Trevor Gross <tmgross@umich.edu>
syn,https://github.com/dtolnay/syn,MIT OR Apache-2.0,David Tolnay <dtolnay@gmail.com>
synstructure,https://github.com/mystor/synstructure,MIT,Nika Layzell <nika@thelayzells.com>
sys-info,https://github.com/FillZpp/sys-info-rs,MIT,Siyu Wang <FillZpp.pub@gmail.com>
system-configuration,https://github.com/mullvad/system-configuration-rs,MIT OR Apache-2.0,Mullvad VPN
system-configuration-sys,https://github.com/mullvad/system-configuration-rs,MIT OR Apache-2.0,Mullvad VPN
tabwriter,https://github.com/BurntSushi/tabwriter,Unlicense OR MIT,Andrew Gallant <jamslam@gmail.com>
thiserror,https://github.com/dtolnay/thiserror,MIT OR Apache-2.0,David Tolnay <dtolnay@gmail.com>
thiserror-impl,https://github.com/dtolnay/thiserror,MIT OR Apache-2.0,David Tolnay <dtolnay@gmail.com>
thread_local,https://github.com/Amanieu/thread_local-rs,MIT OR Apache-2.0,Amanieu d'Antras <amanieu@gmail.com>
tinybytes,https://github.com/Datadog/libdatadog,Apache-2.0,The tinybytes Authors
tinystr,https://github.com/unicode-org/icu4x,Unicode-3.0,The ICU4X Project Developers
tinytemplate,https://github.com/bheisler/TinyTemplate,Apache-2.0 OR MIT,Brook Heisler <brookheisler@gmail.com>
tokio,https://github.com/tokio-rs/tokio,MIT,Tokio Contributors <team@tokio.rs>
tokio-macros,https://github.com/tokio-rs/tokio,MIT,Tokio Contributors <team@tokio.rs>
tokio-stream,https://github.com/tokio-rs/tokio,MIT,Tokio Contributors <team@tokio.rs>
tokio-util,https://github.com/tokio-rs/tokio,MIT,Tokio Contributors <team@tokio.rs>
tower-service,https://github.com/tower-rs/tower,MIT,Tower Maintainers <team@tower-rs.com>
tracing,https://github.com/tokio-rs/tracing,MIT,"Eliza Weisman <eliza@buoyant.io>, Tokio Contributors <team@tokio.rs>"
tracing-attributes,https://github.com/tokio-rs/tracing,MIT,"Tokio Contributors <team@tokio.rs>, Eliza Weisman <eliza@buoyant.io>, David Barsky <dbarsky@amazon.com>"
tracing-core,https://github.com/tokio-rs/tracing,MIT,Tokio Contributors <team@tokio.rs>
tracing-log,https://github.com/tokio-rs/tracing,MIT,Tokio Contributors <team@tokio.rs>
tracing-subscriber,https://github.com/tokio-rs/tracing,MIT,"Eliza Weisman <eliza@buoyant.io>, David Barsky <me@davidbarsky.com>, Tokio Contributors <team@tokio.rs>"
try-lock,https://github.com/seanmonstar/try-lock,MIT,Sean McArthur <sean@seanmonstar.com>
typenum,https://github.com/paholg/typenum,MIT OR Apache-2.0,"Paho Lurie-Gregg <paho@paholg.com>, Andre Bogus <bogusandre@gmail.com>"
unicode-ident,https://github.com/dtolnay/unicode-ident,(MIT OR Apache-2.0) AND Unicode-3.0,David Tolnay <dtolnay@gmail.com>
unicode-width,https://github.com/unicode-rs/unicode-width,MIT OR Apache-2.0,"kwantam <kwantam@gmail.com>, Manish Goregaokar <manishsmail@gmail.com>"
unicode-xid,https://github.com/unicode-rs/unicode-xid,MIT OR Apache-2.0,"erick.tryzelaar <erick.tryzelaar@gmail.com>, kwantam <kwantam@gmail.com>, Manish Goregaokar <manishsmail@gmail.com>"
url,https://github.com/servo/rust-url,MIT OR Apache-2.0,The rust-url developers
urlencoding,https://github.com/kornelski/rust_urlencoding,MIT,"Kornel <kornel@geekhood.net>, Bertram Truong <b@bertramtruong.com>"
utf8_iter,https://github.com/hsivonen/utf8_iter,Apache-2.0 OR MIT,Henri Sivonen <hsivonen@hsivonen.fi>
uuid,https://github.com/uuid-rs/uuid,Apache-2.0 OR MIT,"Ashley Mannix<ashleymannix@live.com.au>, Dylan DPC<dylan.dpc@gmail.com>, Hunar Roop Kahlon<hunar.roop@gmail.com>"
valuable,https://github.com/tokio-rs/valuable,MIT,The valuable Authors
walkdir,https://github.com/BurntSushi/walkdir,Unlicense OR MIT,Andrew Gallant <jamslam@gmail.com>
want,https://github.com/seanmonstar/want,MIT,Sean McArthur <sean@seanmonstar.com>
wasi,https://github.com/bytecodealliance/wasi,Apache-2.0 WITH LLVM-exception OR Apache-2.0 OR MIT,The Cranelift Project Developers
wasi,https://github.com/bytecodealliance/wasi-rs,Apache-2.0 WITH LLVM-exception OR Apache-2.0 OR MIT,The Cranelift Project Developers
wasm-bindgen,https://github.com/rustwasm/wasm-bindgen,MIT OR Apache-2.0,The wasm-bindgen Developers
wasm-bindgen-backend,https://github.com/rustwasm/wasm-bindgen/tree/master/crates/backend,MIT OR Apache-2.0,The wasm-bindgen Developers
wasm-bindgen-macro,https://github.com/rustwasm/wasm-bindgen/tree/master/crates/macro,MIT OR Apache-2.0,The wasm-bindgen Developers
wasm-bindgen-macro-support,https://github.com/rustwasm/wasm-bindgen/tree/master/crates/macro-support,MIT OR Apache-2.0,The wasm-bindgen Developers
wasm-bindgen-shared,https://github.com/rustwasm/wasm-bindgen/tree/master/crates/shared,MIT OR Apache-2.0,The wasm-bindgen Developers
web-sys,https://github.com/rustwasm/wasm-bindgen/tree/master/crates/web-sys,MIT OR Apache-2.0,The wasm-bindgen Developers
web-time,https://github.com/daxpedda/web-time,MIT OR Apache-2.0,The web-time Authors
winapi,https://github.com/retep998/winapi-rs,MIT OR Apache-2.0,Peter Atashian <retep998@gmail.com>
winapi-i686-pc-windows-gnu,https://github.com/retep998/winapi-rs,MIT OR Apache-2.0,Peter Atashian <retep998@gmail.com>
winapi-util,https://github.com/BurntSushi/winapi-util,Unlicense OR MIT,Andrew Gallant <jamslam@gmail.com>
winapi-x86_64-pc-windows-gnu,https://github.com/retep998/winapi-rs,MIT OR Apache-2.0,Peter Atashian <retep998@gmail.com>
windows-link,https://github.com/microsoft/windows-rs,MIT OR Apache-2.0,Microsoft
windows-registry,https://github.com/microsoft/windows-rs,MIT OR Apache-2.0,Microsoft
windows-result,https://github.com/microsoft/windows-rs,MIT OR Apache-2.0,Microsoft
windows-strings,https://github.com/microsoft/windows-rs,MIT OR Apache-2.0,Microsoft
windows-sys,https://github.com/microsoft/windows-rs,MIT OR Apache-2.0,Microsoft
windows-targets,https://github.com/microsoft/windows-rs,MIT OR Apache-2.0,Microsoft
windows_aarch64_gnullvm,https://github.com/microsoft/windows-rs,MIT OR Apache-2.0,Microsoft
windows_aarch64_msvc,https://github.com/microsoft/windows-rs,MIT OR Apache-2.0,Microsoft
windows_i686_gnu,https://github.com/microsoft/windows-rs,MIT OR Apache-2.0,Microsoft
windows_i686_gnullvm,https://github.com/microsoft/windows-rs,MIT OR Apache-2.0,Microsoft
windows_i686_msvc,https://github.com/microsoft/windows-rs,MIT OR Apache-2.0,Microsoft
windows_x86_64_gnu,https://github.com/microsoft/windows-rs,MIT OR Apache-2.0,Microsoft
windows_x86_64_gnullvm,https://github.com/microsoft/windows-rs,MIT OR Apache-2.0,Microsoft
windows_x86_64_msvc,https://github.com/microsoft/windows-rs,MIT OR Apache-2.0,Microsoft
wit-bindgen-rt,https://github.com/bytecodealliance/wit-bindgen,Apache-2.0 WITH LLVM-exception OR Apache-2.0 OR MIT,The wit-bindgen-rt Authors
writeable,https://github.com/unicode-org/icu4x,Unicode-3.0,The ICU4X Project Developers
yansi,https://github.com/SergioBenitez/yansi,MIT OR Apache-2.0,Sergio Benitez <sb@sergio.bz>
yoke,https://github.com/unicode-org/icu4x,Unicode-3.0,Manish Goregaokar <manishsmail@gmail.com>
yoke-derive,https://github.com/unicode-org/icu4x,Unicode-3.0,Manish Goregaokar <manishsmail@gmail.com>
zerocopy,https://github.com/google/zerocopy,BSD-2-Clause OR Apache-2.0 OR MIT,"Joshua Liebow-Feeser <joshlf@google.com>, Jack Wrenn <jswrenn@amazon.com>"
zerocopy-derive,https://github.com/google/zerocopy,BSD-2-Clause OR Apache-2.0 OR MIT,"Joshua Liebow-Feeser <joshlf@google.com>, Jack Wrenn <jswrenn@amazon.com>"
zerofrom,https://github.com/unicode-org/icu4x,Unicode-3.0,Manish Goregaokar <manishsmail@gmail.com>
zerofrom-derive,https://github.com/unicode-org/icu4x,Unicode-3.0,Manish Goregaokar <manishsmail@gmail.com>
zerotrie,https://github.com/unicode-org/icu4x,Unicode-3.0,The ICU4X Project Developers
zerovec,https://github.com/unicode-org/icu4x,Unicode-3.0,The ICU4X Project Developers
zerovec-derive,https://github.com/unicode-org/icu4x,Unicode-3.0,Manish Goregaokar <manishsmail@gmail.com>
